year,daily_raw,weekly_raw,semiweekly_raw,monthly_raw,other_raw,unknown_raw,daily_sure,weekly_sure,semiweekly_sure,monthly_sure,other_sure,unknown_sure,daily_est,weekly_est,semiweekly_est,monthly_est,other_est,unknown_est,daily_est_english,weekly_est_english
1880,3226,17370,758,910,941,1343,1154,6809,143,131,117,128,1770,10200,299,373,298,600,1650,9657
1881,3345,17831,781,938,965,1372,1186,6937,141,122,126,141,1860,10584,307,379,306,622,1739,10029
1882,3427,18278,799,960,972,1396,1238,7156,151,120,115,132,1926,10915,317,381,298,629,1803,10355
1883,3540,18716,803,1014,992,1425,1288,7364,157,162,131,159,1991,11193,323,417,311,647,1866,10629
1884,3636,19112,816,1064,1008,1472,1346,7638,166,168,121,173,2059,11468,331,441,306,662,1934,10884
1885,3723,19597,833,1104,1018,1481,1390,7967,178,150,133,122,2095,11829,340,441,309,631,1966,11222
1886,3820,20173,845,1143,1043,1509,1440,8376,189,161,135,138,2151,12239,350,440,312,628,2021,11610
1887,4000,20778,859,1161,1061,1528,1581,8801,183,151,133,129,2281,12647,340,427,312,614,2146,12000
1888,4096,21294,863,1175,1086,1548,1629,9169,193,140,137,126,2316,12959,346,412,314,603,2179,12296
1889,4199,21731,885,1216,1101,1568,1704,9577,205,172,137,135,2339,13135,347,425,309,592,2200,12456
1890,4365,22457,926,1233,1133,1599,1778,9782,231,178,140,129,2415,13415,374,430,306,583,2275,12704
1891,4464,22898,938,1250,1149,1625,1793,9720,229,170,145,135,2484,13677,375,423,310,582,2336,12948
1892,4574,23434,966,1279,1147,1644,1864,10115,262,170,144,133,2555,14006,409,428,308,575,2409,13247
1893,4630,23799,964,1294,1157,1660,1898,10255,266,159,143,128,2588,14197,416,409,302,566,2435,13431
1894,4760,24270,1017,1309,1171,1679,1988,10495,333,154,153,134,2660,14393,480,402,303,564,2509,13610
1895,4890,24587,1069,1334,1184,1689,2086,10646,389,174,160,136,2734,14440,536,408,305,554,2581,13664
1896,4939,24913,1084,1351,1200,1703,2115,10861,412,178,157,151,2741,14525,555,406,301,552,2589,13739
1897,5025,25232,1097,1368,1207,1716,2154,11020,426,173,160,148,2759,14561,569,398,300,542,2613,13789
1898,5155,25505,1117,1377,1217,1722,2263,11252,457,175,162,149,2824,14577,594,387,294,527,2674,13808
1899,5169,25831,1142,1387,1218,1731,2288,11797,500,187,186,185,2773,14582,606,370,296,516,2625,13816
1900,4551,23633,1161,1287,1149,1722,2319,11906,510,193,189,169,2797,14639,620,368,303,499,2645,13886
1901,4642,23988,1178,1305,1161,1730,2178,10818,470,145,174,119,2843,14853,632,363,311,492,2687,14087
1902,4708,24198,1193,1314,1167,1740,2213,10829,483,141,165,119,2885,14940,652,364,316,489,2724,14174
1903,4794,24422,1209,1318,1175,1750,2283,10931,507,145,164,116,2949,15064,678,363,320,488,2784,14290
1904,4833,24727,1189,1321,1188,1756,2278,11094,500,145,163,112,2962,15232,673,365,323,483,2798,14451
1905,4842,25009,1183,1328,1191,1762,2296,11143,505,142,166,101,2980,15346,686,363,333,478,2815,14555
1906,4936,25207,1180,1341,1202,1763,2355,11196,517,152,167,107,3028,15420,695,368,336,475,2851,14606
1907,4970,25376,1182,1354,1209,1767,2379,11230,505,143,168,100,3046,15454,686,369,348,472,2864,14619
1908,5016,25577,1186,1362,1216,1776,2408,11309,500,149,181,99,3062,15461,690,372,361,472,2879,14620
1909,5072,25802,1187,1371,1223,1784,2457,11444,496,145,184,101,3088,15506,681,368,369,473,2906,14663
1910,4999,25728,1186,1388,1234,1803,2427,11486,506,137,183,103,3060,15566,693,367,374,482,2873,14714
1911,5038,25899,1182,1404,1240,1816,2421,11263,480,144,176,113,3079,15671,678,379,380,492,2890,14822
1912,5043,26111,1189,1422,1255,1824,2414,11277,478,153,173,104,3070,15740,676,392,390,491,2877,14882
1913,5082,26317,1184,1422,1265,1827,2413,11370,475,146,183,101,3065,15820,675,391,405,487,2869,14955
1914,5087,26388,1186,1428,1282,1843,2421,11245,479,143,189,107,3072,15709,680,386,417,497,2872,14846
1915,5090,26490,1177,1452,1295,1847,2410,11188,458,155,211,99,3056,15668,663,398,445,493,2852,14807
1916,5125,26561,1178,1468,1313,1861,2422,11161,447,150,213,105,3050,15619,647,403,456,498,2850,14764
1917,5116,26556,1170,1471,1321,1865,2398,11021,435,139,209,95,3034,15400,631,397,468,490,2829,14558
1918,5104,26443,1166,1472,1344,1876,2379,10791,403,140,225,92,2991,15092,600,394,483,491,2790,14282
1919,5087,26217,1155,1483,1349,1879,2360,10529,403,136,230,89,2948,14714,594,392,490,487,2754,13960
1920,5064,25750,1128,1495,1356,1900,2346,10303,389,139,238,94,2925,14459,576,396,504,492,2734,13725
1921,5044,25621,1130,1521,1361,1905,2300,9959,384,153,231,90,2894,14266,571,419,509,492,2706,13563
1922,5031,25661,1131,1540,1376,1914,2311,9909,378,150,238,90,2898,14211,567,426,521,494,2706,13533
1923,5073,25717,1142,1565,1407,1922,2341,9857,375,164,261,89,2915,14176,564,447,551,496,2725,13504
1924,5078,25725,1138,1579,1426,1934,2332,9807,372,164,265,92,2910,14104,559,456,566,503,2715,13443
1925,5085,25785,1143,1585,1438,1938,2331,9811,379,167,262,87,2893,14072,563,462,566,502,2698,13421
1926,5082,25820,1149,1595,1444,1950,2313,9752,383,175,267,90,2864,13989,569,463,571,507,2670,13342
1927,5075,25897,1158,1611,1445,1954,2305,9734,397,182,248,82,2852,13928,579,476,558,504,2660,13286
1928,5048,25928,1154,1629,1448,1964,2275,9648,383,192,253,89,2810,13804,568,489,562,509,2620,13172
1929,5053,25978,1158,1645,1461,1965,2280,9704,385,194,266,87,2794,13739,565,492,577,505,2606,13116
1930,5015,25953,1137,1705,1488,2005,2255,9629,369,191,265,88,2760,13673,545,499,585,508,2573,13055
1931,5014,26125,1137,1714,1488,2012,2248,9642,351,183,249,89,2756,13782,531,508,581,513,2572,13169
1932,4999,26244,1137,1724,1507,2024,2220,9690,337,192,265,97,2725,13846,516,521,603,523,2546,13241
1933,4993,26371,1138,1741,1541,2033,2223,9702,321,187,289,93,2714,13877,499,532,633,525,2540,13280
1934,4992,26440,1132,1769,1562,2042,2216,9679,337,184,287,94,2704,13852,509,542,645,527,2529,13262
1935,5010,26618,1136,1814,1592,2064,2234,9697,349,218,309,106,2714,13863,520,580,670,543,2540,13281
1936,5028,26716,1136,1866,1620,2097,2254,9708,351,251,310,131,2716,13861,518,624,689,565,2544,13281
1937,5055,26800,1128,1907,1633,2106,2258,9654,349,261,300,112,2712,13792,514,645,689,553,2541,13227
1938,5030,26818,1115,1934,1642,2117,2213,9598,339,249,297,111,2666,13687,501,640,692,547,2496,13121
1939,5012,26925,1112,1953,1664,2130,2195,9641,333,265,304,109,2635,13632,492,638,695,542,2469,13089
1940,4955,26963,1110,1938,1694,2140,2156,9619,335,255,300,109,2590,13593,492,627,700,538,2425,13060
1941,4972,27047,1109,1936,1714,2144,2143,9469,330,205,293,89,2577,13556,486,610,712,525,2411,13040
1942,4948,27079,1121,1956,1761,2151,2118,9442,316,203,318,88,2549,13515,472,611,741,521,2388,13006
1943,4884,26924,1107,1994,1805,2154,2046,9161,293,229,365,86,2470,13214,448,636,782,514,2315,12727
1944,4858,26771,1102,2017,1817,2159,2018,8968,287,238,338,88,2432,12952,442,643,773,512,2282,12472
1945,4868,26797,1108,2058,1867,2168,2024,8960,286,263,381,90,2432,12833,438,667,817,512,2282,12332
1946,4900,26889,1105,2060,1859,2170,2042,8913,302,229,335,88,2445,12726,457,644,791,505,2295,12245
1947,4897,26880,1106,2067,1856,2181,2042,8801,306,218,314,93,2434,12562,457,625,764,506,2288,12110
1948,4894,26944,1111,2086,1867,2185,2051,8784,326,225,312,89,2435,12459,477,618,751,499,2290,12028
1949,4916,26950,1111,2099,1877,2191,2063,8761,326,235,310,86,2436,12319,473,621,734,491,2294,11902
1950,4876,26787,1108,2052,1830,2183,2049,8708,316,239,308,84,2414,12216,461,622,726,487,2275,11803
1951,4871,26782,1108,2062,1844,2184,2030,8553,313,229,309,81,2398,12101,457,620,731,481,2266,11700
1952,4882,26756,1110,2075,1864,2188,2038,8471,314,231,335,76,2397,11932,461,616,754,477,2266,11553
1953,4871,26714,1118,2084,1871,2191,2028,8397,322,227,325,81,2382,11790,468,611,745,475,2250,11424
1954,4885,26691,1120,2097,1881,2193,2024,8318,321,230,329,75,2371,11663,464,612,746,469,2245,11304
1955,4881,26683,1126,2100,1894,2193,2025,8274,318,214,342,72,2367,11540,461,600,758,462,2243,11192
1956,4867,26685,1130,2106,1905,2199,2015,8238,324,221,347,79,2352,11428,461,598,762,463,2228,11091
1957,4885,26728,1133,2111,1906,2202,2013,8212,332,219,351,77,2342,11329,467,591,760,458,2221,11005
1958,4864,26731,1131,2118,1918,2207,1996,8188,326,214,371,76,2316,11216,461,578,771,455,2200,10900
1959,4874,26797,1136,2126,1938,2214,1999,8227,331,225,373,84,2307,11151,460,575,764,455,2192,10844
1960,4900,26830,1149,2159,2037,2240,1996,8215,330,225,378,81,2298,11085,464,579,775,457,2185,10777
1961,4885,26856,1148,2179,2049,2246,1977,8090,328,234,375,86,2280,11019,462,597,777,459,2170,10717
1962,4876,26858,1148,2189,2070,2247,1974,8039,338,234,388,77,2273,10909,471,596,801,454,2165,10610
1963,4895,26926,1155,2203,2081,2255,1998,8040,338,243,381,85,2281,10867,467,608,801,459,2172,10567
1964,4908,27010,1169,2229,2107,2263,1995,8050,347,265,389,91,2274,10825,479,629,821,463,2168,10534
1965,4900,27079,1169,2237,2135,2273,1991,8028,359,262,398,87,2264,10770,488,631,834,465,2154,10483
1966,4933,27124,1170,2251,2169,2279,2007,8004,356,265,418,88,2275,10685,483,629,861,465,2168,10398
1967,4895,27129,1182,2291,2232,2294,1994,7977,357,301,482,100,2252,10590,481,658,930,474,2148,10309
1968,4911,27241,1187,2348,2379,2340,2003,7984,372,333,590,129,2250,10524,493,687,1052,505,2147,10244
1969,4931,27245,1186,2410,2539,2367,2010,7996,384,376,744,141,2254,10428,499,734,1171,513,2152,10155
1970,4914,27346,1200,2504,2717,2421,1992,8000,379,387,722,154,2230,10381,496,768,1243,526,2129,10106
1971,4924,27435,1206,2577,2787,2421,1997,7894,387,410,735,116,2235,10354,509,811,1278,501,2135,10080
1972,4917,27460,1221,2626,2866,2435,1984,7859,409,419,744,112,2219,10269,526,829,1300,493,2123,9988
1973,4933,27598,1221,2669,2920,2445,1990,7859,400,432,752,114,2218,10219,522,843,1299,487,2123,9944
1974,4920,27599,1229,2686,2935,2452,1989,7820,416,416,763,104,2210,10113,536,832,1296,474,2117,9842
1975,4907,27643,1222,2724,2990,2466,1985,7849,409,420,786,109,2197,10067,525,829,1302,472,2103,9795
1976,4905,27741,1231,2760,3055,2473,1986,7880,447,443,829,113,2196,9998,549,846,1328,465,2099,9733
1977,4928,27802,1239,2795,3079,2474,1993,7843,464,458,828,108,2196,9899,573,849,1319,451,2099,9637
1978,4934,27842,1238,2825,3103,2481,2008,7858,447,470,838,107,2204,9824,553,846,1319,445,2105,9561
1979,4922,27905,1248,2842,3142,2490,1991,7898,452,477,909,114,2182,9739,555,827,1325,442,2085,9478
1980,4933,27877,1247,2829,3110,2488,1988,7886,446,473,907,119,2175,9649,543,814,1324,434,2078,9390
1981,4908,27947,1239,2831,3119,2490,1966,7769,456,463,882,116,2149,9573,548,807,1309,424,2054,9314
1982,4904,27909,1255,2860,3152,2497,1971,7724,459,465,926,118,2142,9453,547,806,1331,420,2046,9196
1983,4882,27908,1255,2889,3173,2504,1957,7755,458,489,924,118,2124,9390,540,815,1320,418,2024,9135
1984,4884,27975,1248,2905,3196,2499,1951,7761,452,489,946,104,2110,9315,529,806,1331,403,2009,9063
1985,4872,27921,1248,2928,3216,2504,1934,7718,451,496,973,108,2087,9182,524,801,1333,400,1985,8935
1986,4845,27926,1249,2949,3223,2508,1917,7713,451,515,982,110,2060,9075,519,803,1324,397,1957,8828
1987,4851,27973,1251,2977,3245,2509,1913,7753,455,533,1004,108,2050,9019,520,809,1321,389,1946,8770
1988,4818,27979,1252,3003,3268,2510,1896,7752,460,553,1027,109,2026,8911,517,810,1324,381,1924,8661
1989,4822,28050,1248,3024,3294,2515,1894,7831,464,587,1050,110,2008,8854,515,811,1330,379,1907,8608
1990,4810,27902,1238,3047,3279,2523,1890,7826,465,611,1050,111,1992,8776,513,825,1315,378,1893,8524
1991,4795,27873,1238,3067,3301,2524,1867,7699,450,617,1071,118,1977,8681,500,834,1332,378,1878,8420
1992,4782,27834,1241,3100,3319,2528,1857,7700,453,641,1087,123,1957,8598,496,840,1345,378,1859,8338
1993,4766,27847,1242,3117,3336,2532,1843,7716,461,670,1096,122,1935,8522,501,851,1342,377,1838,8258
1994,4755,27818,1238,3138,3358,2538,1834,7702,462,684,1107,126,1920,8432,498,850,1343,379,1822,8166
1995,4765,27835,1241,3149,3367,2538,1844,7718,461,703,1120,126,1922,8379,494,849,1345,376,1825,8118
1996,4742,27844,1241,3152,3376,2542,1838,7762,465,709,1131,129,1907,8330,491,837,1337,377,1811,8065
1997,4735,27841,1240,3154,3370,2543,1831,7788,466,706,1136,130,1894,8276,487,819,1323,377,1797,8011
1998,4737,27833,1243,3158,3384,2545,1835,7820,465,716,1150,132,1888,8221,483,807,1323,378,1792,7959
1999,4731,27836,1242,3167,3395,2546,1850,7970,476,749,1270,315,1876,8176,484,800,1320,380,1780,7914
2000,2563,11997,648,1425,1946,888,1850,7969,471,761,1206,147,1873,8119,478,798,1266,229,1777,7859
2001,2564,11990,645,1425,1950,889,1847,7941,465,763,1210,147,1874,8089,476,794,1259,221,1778,7827
2002,2564,11973,647,1435,1952,891,1852,7937,464,770,1212,149,1876,8067,474,798,1254,220,1781,7806
2003,2567,11964,642,1438,1962,893,1852,7933,461,773,1216,151,1875,8048,469,798,1250,219,1778,7787
2004,2567,11950,642,1436,1966,893,1853,7930,461,773,1218,151,1874,8026,467,793,1247,215,1775,7767
2005,2568,11979,641,1438,1969,892,1862,7959,459,775,1222,150,1874,8040,463,791,1246,213,1778,7780
2006,2566,11988,639,1439,1969,892,1860,7969,457,775,1222,150,1871,8032,461,787,1240,211,1775,7771
2007,2570,11965,640,1443,1975,893,1867,7958,459,778,1225,151,1874,8005,460,787,1238,211,1778,7747
2008,2568,11966,641,1440,1981,893,1868,7959,459,775,1229,151,1872,7991,460,781,1238,211,1776,7733
2009,2565,11963,641,1441,1982,891,1867,7968,459,776,1232,208,1869,7980,459,779,1235,208,1776,7721
2010,1,21,0,1,1,3,0,0,0,0,0,0,0,0,0,0,0,0,0,0
